# Kernel Size, LipKernel Time
3.000000000000000000e+00,1.574754714965820312e+00
5.000000000000000000e+00,8.609294891357421875e-01
7.000000000000000000e+00,1.666712760925292969e+00
9.000000000000000000e+00,1.935243606567382812e+00
1.100000000000000000e+01,1.771807670593261719e+00
1.300000000000000000e+01,6.134271621704101562e-01
1.500000000000000000e+01,2.215385437011718750e-01
