# Spatial Size, LipKernel Time
8.000000000000000000e+00,6.000518798828125000e-01
1.600000000000000000e+01,9.789466857910156250e-02
3.200000000000000000e+01,2.014875411987304688e-01
6.400000000000000000e+01,1.997709274291992188e-01
1.280000000000000000e+02,2.991557121276855469e+00
2.560000000000000000e+02,7.704591751098632812e+00
5.120000000000000000e+02,2.141559123992919922e+01
