# Spatial Size, Sandwich Time
8.000000000000000000e+00,9.662055969238281250e+00
1.600000000000000000e+01,5.171597003936767578e+01
3.200000000000000000e+01,1.318474531173706055e+02
6.400000000000000000e+01,4.637183666229248047e+02
1.280000000000000000e+02,1.719673633575439453e+03
2.560000000000000000e+02,7.077972412109375000e+03
5.120000000000000000e+02,2.767767574787139893e+04
