# Kernel Size, Sandwich Time
3.000000000000000000e+00,2.805011272430419922e+02
5.000000000000000000e+00,1.250461578369140625e+02
7.000000000000000000e+00,1.285243511199951172e+02
9.000000000000000000e+00,1.282879590988159180e+02
1.100000000000000000e+01,1.205393314361572266e+02
1.300000000000000000e+01,1.328291893005371094e+02
1.500000000000000000e+01,1.084042787551879883e+02
